candidate_id,candidate_name,candidate_category,maps_to_source_id,provider_type,asset_classes,coverage,key_datasets,access_pattern,latency_profile,license_type,redistribution_notes,entitlements_required,cost_model,integration_effort,priority,recommended_role,official_url,last_reviewed_at,status
eia_open_data,EIA Open Data,public_government,eia_energy_data,government_api,"oil; refined products; gas; power",United States,"spot prices; storage; production; consumption; balancing authority demand; STEO",api_pull,"intraday to weekly depending on dataset",Public government data,Public source with attribution,no,free,low,P0,"Default public fundamentals baseline and first external commodity ingest",https://www.eia.gov/opendata/,2026-04-05,shortlisted
caiso_oasis,CAISO OASIS,public_operator,power_iso_load,iso_rto_public_feed,power,CAISO,"day-ahead and real-time prices; load; outages; transmission availability",api_pull,"real-time to hourly",Public terms,Public feed; resale limits may apply to some downstream packaging,no,free,medium,P0,"Initial California power pricing and load coverage",https://oasis.caiso.com/,2026-04-05,shortlisted
pjm_data_miner_2,PJM Data Miner 2,public_operator,power_iso_load,iso_rto_public_feed,power,PJM,"LMPs; load; outages; generation mix; transmission metrics",api_pull,"near-real-time to hourly",Public terms,Public feed with downstream packaging review,no,free,medium,P0,"Initial PJM coverage for prices and grid fundamentals",https://www.pjm.com/markets-and-operations/etools/data-miner-2.aspx,2026-04-05,shortlisted
ercot_data_access_portal,ERCOT Data Access Portal,public_operator,power_iso_load,iso_rto_public_feed,power,ERCOT,"market prices; load; ancillary services; outage and operations products",api_pull,"real-time to hourly",Public terms,Public feed with market-participant data-product differences,no,free to low cost,medium,P0,"Core Texas power market coverage",https://www.ercot.com/services/mdt/data-portal,2026-04-05,shortlisted
iso_ne_web_services,ISO-NE Web Services,public_operator,power_iso_load,iso_rto_public_feed,power,ISO-NE,"LMPs; demand; generation; outages; interchange",api_pull,"real-time to hourly",Public terms,Public feed with registration and usage controls possible,no,free,medium,P1,"New England nodal and zonal power fundamentals",https://www.iso-ne.com/participate/support/web-services-data,2026-04-05,shortlisted
miso_market_reports,MISO Market Reports,public_operator,power_iso_load,iso_rto_public_feed,power,MISO,"LMPs; load; generation; congestion; market reports",api_pull,"real-time to hourly",Public terms,Public report reuse should be reviewed for redistribution,no,free,medium,P1,"Midwest power market coverage",https://www.misoenergy.org/markets-and-operations/real-time--market-data/market-reports/,2026-04-05,shortlisted
nyiso_market_data,NYISO Market Data,public_operator,power_iso_load,iso_rto_public_feed,power,NYISO,"LBMPs; load; fuel mix; transmission and outage context",api_pull,"near-real-time to hourly",Public terms,Public feed with downstream packaging review,no,free,medium,P2,"Additional Northeast power coverage after core ISO rollout",https://www.nyiso.com/energy-market-operational-data,2026-04-05,shortlisted
spp_market_data,SPP Markets and Operations,public_operator,power_iso_load,iso_rto_public_feed,power,SPP,"prices; load; congestion; transmission and market operations",api_pull,"near-real-time to hourly",Public terms,Public feed with downstream packaging review,no,free,medium,P2,"Additional central U.S. power coverage after core ISO rollout",https://www.spp.org/markets-operations/,2026-04-05,shortlisted
yes_energy,Yes Energy,commercial,power_iso_load,specialty_power_vendor,power,North American ISOs and RTOs,"normalized nodal prices; load; outages; congestion; plant and transmission intelligence",api_pull,"real-time to daily",Commercial specialty power data agreement,Raw vendor data and many node-level outputs should not be redistributed,yes,subscription,medium,P1,"Normalize cross-ISO power data once public-feed stitching becomes a drag",https://www.yesenergy.com/products/datasignals,2026-04-05,shortlisted
enverus_power_gas,Enverus Power and Gas Fundamentals,commercial,gas_pipeline_storage,specialty_energy_vendor,"power; gas; crude; refined products",North America,"pipeline flows; storage; plant operations; load and generation fundamentals",api_pull,"intraday to daily",Commercial energy data agreement,Normalized vendor outputs are typically internal-use only,yes,subscription,medium,P1,"One vendor layer for gas and power fundamentals when public feeds are too fragmented",https://www.enverus.com/data-catalog/,2026-04-05,shortlisted
cme_group_market_data,CME Group Market Data,commercial,reference_pricing,exchange_market_data,"futures; options; energy",North American listed markets,"energy futures settlements; intraday quotes; volume; open interest",streaming,"real-time and end-of-day",Exchange market data agreement,No external redistribution without explicit exchange rights,yes,subscription + exchange fees,medium,P1,"Listed energy benchmark and settlement source for futures-linked workflows",https://www.cmegroup.com/market-data/browse-data/energy-data.html,2026-04-05,shortlisted
ice_data_services,ICE Data Services,commercial,reference_pricing,exchange_market_data,"energy; power; gas; crude",Global energy markets,"ICE futures and OTC pricing; settlements; reference and evaluated data",api_pull,"real-time and end-of-day",Commercial exchange and data-services agreement,Redistribution and derived-data rights depend on contract,yes,subscription,high,P1,"Benchmark-grade marks for ICE-linked commodities and power contracts",https://www.ice.com/fixed-income-data-services/data-and-analytics/derivatives/commodity-energy,2026-04-05,shortlisted
sp_global_platts,S&P Global Platts,commercial,marketdata_price_indices_obs,benchmark_publisher,"crude; refined products; gas; LNG; power",Global commodities,"physical benchmark assessments; indexes; spreads; freight and market commentary",api_pull,"intraday to daily",Commercial benchmark publisher agreement,Raw benchmark values are tightly licensed,yes,subscription + per dataset,high,P1,"Contract-grade physical marks and settlement references",https://www.spglobal.com/commodityinsights/en,2026-04-05,shortlisted
argus_media,Argus Media,commercial,marketdata_price_indices_obs,benchmark_publisher,"crude; refined products; gas; LNG; power",Global commodities,"physical benchmark assessments; indexes; curve and fundamentals products",api_pull,"intraday to daily",Commercial benchmark publisher agreement,Raw benchmark values are tightly licensed,yes,subscription + per dataset,high,P1,"Physical commodity benchmarks and market references",https://www.argusmedia.com/en,2026-04-05,shortlisted
opis,OPIS,commercial,marketdata_price_indices_obs,benchmark_publisher,"refined products; crude; retail fuels",North America and global fuels,"rack and spot prices; retail fuels; terminal and refined-product benchmarks",api_pull,"intraday to daily",Commercial fuel-pricing agreement,Raw price redistribution is restricted,yes,subscription + per dataset,high,P1,"Refined-products and fuel-price coverage where retail or rack marks matter",https://www.opisnet.com/,2026-04-05,shortlisted
polygon,Polygon,commercial,mktdata_multiasset_rt,developer_market_data_api,equities,United States,"real-time and historical equity prices; aggregates; trades; quotes",api_pull,"real-time to daily",Commercial API agreement,Redistribution depends on plan and exchange rights,yes,subscription,low,P2,"Fast developer-friendly stock-price API for prototypes and internal analytics",https://polygon.io/,2026-04-05,shortlisted
nasdaq_data_link,Nasdaq Data Link,commercial,mktdata_multiasset_hist,developer_market_data_api,"equities; futures; macro",Global datasets,"historical price datasets; reference data; alternative datasets",api_pull,daily,Commercial dataset agreements,Dataset rights vary by package,yes,subscription,low,P2,"Historical market and macro data for research and dashboard backfills",https://www.nasdaq.com/solutions/data/nasdaq-data-link/api,2026-04-05,shortlisted
iex_market_data,IEX Market Data,commercial,mktdata_multiasset_rt,exchange_market_data,equities,United States,"IEX tops; deep book; reference and historical market data",streaming,"real-time and end-of-day",Exchange market data agreement,Exchange redistribution rules apply,yes,subscription + exchange fees,medium,P2,"Alternative equity tape source when U.S. stocks become in-scope",https://www.iexexchange.io/resources/trading/market-data,2026-04-05,shortlisted
alpha_vantage,Alpha Vantage,commercial,mktdata_multiasset_hist,developer_market_data_api,"equities; fx; crypto; macro",Global retail and developer coverage,"daily and intraday price series; technical indicators; macro endpoints",api_pull,"intraday to daily",Commercial API terms,Not suitable as an authoritative redistributed market-data source,no,free to low cost,low,P3,"Lightweight prototyping and demos rather than production-grade books and records",https://www.alphavantage.co/documentation/,2026-04-05,shortlisted
fred_api,FRED API,public_government,macro_timeseries,central_bank_api,"rates; fx; equities; commodities",United States and selected global series,"macro time series; rates; spreads; credit; economic indicators",api_pull,daily,Public government data,Public source with attribution,no,free,low,P0,"Default public macro time-series layer for dashboards and analytics",https://fred.stlouisfed.org/docs/api/fred/,2026-04-05,shortlisted
alfred_api,ALFRED API,public_government,macro_timeseries,central_bank_api,"rates; macro; commodities",United States and selected global series,"revision-aware vintages and historical releases for FRED series",api_pull,daily,Public government data,Public source with attribution,no,free,low,P1,"Revision history for backtesting and vintage-aware economic analysis",https://fred.stlouisfed.org/docs/api/fred/alfred.html,2026-04-05,shortlisted
bea_api,BEA API,public_government,macro_timeseries,government_api,macro,United States,"GDP; PCE; personal income; trade; industry accounts",api_pull,monthly,Public government data,Public source with attribution,no,free,low,P1,"U.S. national accounts and demand-side macro context",https://www.bea.gov/resources/developer-tools,2026-04-05,shortlisted
bls_api,BLS Public Data API,public_government,macro_timeseries,government_api,macro,United States,"CPI; PPI; payrolls; unemployment; wages; productivity",api_pull,"daily to monthly depending on release",Public government data,Public source with attribution,no,free,low,P1,"Inflation and labor data for commodity-demand and rate context",https://www.bls.gov/developers/,2026-04-05,shortlisted
census_api,U.S. Census API,public_government,macro_timeseries,government_api,macro,United States,"demographic and business surveys; housing; trade; population",api_pull,"daily to monthly depending on survey",Public government data,Public source with attribution,no,free,medium,P2,"Supplementary macro and trade-flow context beyond FRED and BLS",https://www.census.gov/developers/,2026-04-05,shortlisted
treasury_fiscal_data,Treasury Fiscal Data,public_government,macro_timeseries,government_api,"rates; treasury; macro",United States,"debt issuance; receipts; outlays; interest rates; fiscal balances",api_pull,daily,Public government data,Public source with attribution,no,free,low,P2,"Fiscal and rates context without vendor lock-in",https://fiscaldata.treasury.gov/api-documentation/,2026-04-05,shortlisted
cftc_commitments_of_traders,CFTC Commitments of Traders,public_government,market_positioning,regulatory_report,"commodities; rates; fx; equities",United States futures and options markets,"managed money positioning; commercial hedger positioning; open interest",api_pull,weekly,Public government data,Public source with attribution,no,free,low,P1,"Positioning context for squeeze risk and speculative crowding",https://www.cftc.gov/MarketReports/CommitmentsofTraders/index.htm,2026-04-05,shortlisted
nws_api,NWS API,public_government,weather_forecast_obs,government_api,weather,United States,"forecasts; observations; alerts; gridpoint weather",api_pull,hourly,Public government data,Public source with attribution and usage guidelines,no,free,low,P0,"Default weather driver for power and gas demand context",https://www.weather.gov/documentation/services-web-api,2026-04-05,shortlisted
noaa_ncei,NOAA NCEI Web Services,public_government,weather_forecast_obs,government_api,weather,United States and global climate archives,"historical climate normals; station archives; climate data online",api_pull,daily,Public government data,Public source with attribution,no,free,medium,P1,"Historical climate backfill beyond operational NWS windows",https://www.ncei.noaa.gov/cdo-web/webservices,2026-04-05,shortlisted
trading_economics,Trading Economics,commercial,macro_calendar,macro_vendor,"rates; fx; equities; commodities",Global,"economic calendar; historical macro series; consensus expectations",api_pull,"event-driven and daily",Commercial macro data agreement,Redistribution depends on plan and endpoint,yes,subscription,low,P2,"Single API for calendar plus macro series when public stitching is too manual",https://tradingeconomics.com/api/,2026-04-05,shortlisted
econoday,Econoday,commercial,macro_calendar,macro_vendor,"rates; fx; equities; commodities; agriculture",Global,"economic calendar; consensus expectations; release scheduling",api_pull,event_driven,Commercial macro calendar agreement,Calendar and consensus redistribution are restricted,yes,subscription,medium,P2,"Event-risk calendar for desks that need cleaner consensus metadata",https://www.econoday.com/enterprise/wealth-management/,2026-04-05,shortlisted
kpler,Kpler,commercial,commodity_inventory,specialty_flow_vendor,"crude; refined products; LNG; gas; thermal coal",Global,"cargo flows; storage; refinery activity; trade flows",api_pull,"intraday to daily",Commercial commodity-intelligence agreement,Raw cargo and intelligence outputs are tightly licensed,yes,subscription,high,P2,"Global physical flow intelligence once U.S.-only public data is not enough",https://www.kpler.com/,2026-04-05,shortlisted
vortexa,Vortexa,commercial,shipping_ais,specialty_flow_vendor,"crude; refined products; LNG",Global seaborne commodities,"cargo tracking; floating storage; port flows; vessel analytics",api_pull,"intraday to daily",Commercial geospatial commodity agreement,Raw vessel and cargo data are tightly licensed,yes,subscription,high,P2,"Seaborne flow intelligence for crude and products books",https://www.vortexa.com/,2026-04-05,shortlisted
